<?xml version="1.0" encoding="UTF-8"?>
<project-private xmlns="http://www.netbeans.org/ns/project-private/1">
    <editor-bookmarks xmlns="http://www.netbeans.org/ns/editor-bookmarks/2" lastBookmarkId="0"/>
    <open-files xmlns="http://www.netbeans.org/ns/projectui-open-files/2">
        <group>
            <file>file:/C:/Users/Parri/Documents/NetBeansProjects/API-REST/src/java/rest/Entrega.java</file>
            <file>file:/C:/Users/Parri/Documents/NetBeansProjects/API-REST/src/java/rest/Examen.java</file>
            <file>file:/C:/Users/Parri/Documents/NetBeansProjects/API-REST/src/java/rest/Usuario.java</file>
            <file>file:/C:/Users/Parri/Documents/NetBeansProjects/API-REST/src/java/rest/service/TecnicaestudioFacadeREST.java</file>
            <file>file:/C:/Users/Parri/Documents/NetBeansProjects/API-REST/src/java/rest/service/EntregaFacadeREST.java</file>
            <file>file:/C:/Users/Parri/Documents/NetBeansProjects/API-REST/src/java/rest/service/ExamenFacadeREST.java</file>
            <file>file:/C:/Users/Parri/Documents/NetBeansProjects/API-REST/src/java/rest/service/UsuarioFacadeREST.java</file>
            <file>file:/C:/Users/Parri/Documents/NetBeansProjects/API-REST/src/java/rest/service/AmistadFacadeREST.java</file>
            <file>file:/C:/Users/Parri/Documents/NetBeansProjects/API-REST/src/java/rest/service/SesionestudioFacadeREST.java</file>
        </group>
    </open-files>
</project-private>
