<?xml version="1.0" encoding="UTF-8"?>
<project-private xmlns="http://www.netbeans.org/ns/project-private/1">
    <editor-bookmarks xmlns="http://www.netbeans.org/ns/editor-bookmarks/2" lastBookmarkId="0"/>
    <open-files xmlns="http://www.netbeans.org/ns/projectui-open-files/2">
        <group>
            <file>file:/C:/Users/Parri/Documents/NetBeansProjects/TrabajoIT/src/java/com/estudyplus/controlador/services/TaskService.java</file>
            <file>file:/C:/Users/Parri/Documents/NetBeansProjects/TrabajoIT/src/java/com/estudyplus/controlador/action/rankingAction.java</file>
            <file>file:/C:/Users/Parri/Documents/NetBeansProjects/TrabajoIT/src/java/group.xml</file>
            <file>file:/C:/Users/Parri/Documents/NetBeansProjects/TrabajoIT/src/java/com/estudyplus/controlador/action/ProfileAction.java</file>
            <file>file:/C:/Users/Parri/Documents/NetBeansProjects/TrabajoIT/web/jsp/dashboard.jsp</file>
            <file>file:/C:/Users/Parri/Documents/NetBeansProjects/TrabajoIT/src/java/com/estudyplus/controlador/action/CreateExamAction.java</file>
            <file>file:/C:/Users/Parri/Documents/NetBeansProjects/TrabajoIT/src/java/com/estudyplus/controlador/action/AboutAction.java</file>
            <file>file:/C:/Users/Parri/Documents/NetBeansProjects/TrabajoIT/web/jsp/delivery_success.jsp</file>
            <file>file:/C:/Users/Parri/Documents/NetBeansProjects/TrabajoIT/src/java/com/estudyplus/controlador/action/WelcomeAction_es.properties</file>
            <file>file:/C:/Users/Parri/Documents/NetBeansProjects/TrabajoIT/src/java/com/estudyplus/modelo/rest/ExamenClient.java</file>
            <file>file:/C:/Users/Parri/Documents/NetBeansProjects/TrabajoIT/web/jsp/inicio/login.jsp</file>
            <file>file:/C:/Users/Parri/Documents/NetBeansProjects/TrabajoIT/web/jsp/createEditStudySession.jsp</file>
            <file>file:/C:/Users/Parri/Documents/NetBeansProjects/TrabajoIT/src/java/com/estudyplus/modelo/rest/UsuarioClient.java</file>
            <file>file:/C:/Users/Parri/Documents/NetBeansProjects/TrabajoIT/web/jsp/friends_and_messages.jsp</file>
            <file>file:/C:/Users/Parri/Documents/NetBeansProjects/TrabajoIT/src/java/com/estudyplus/controlador/action/GrupoEstudioAction.java</file>
            <file>file:/C:/Users/Parri/Documents/NetBeansProjects/TrabajoIT/src/java/com/estudyplus/controlador/action/LoginAction.java</file>
            <file>file:/C:/Users/Parri/Documents/NetBeansProjects/TrabajoIT/src/java/session.xml</file>
            <file>file:/C:/Users/Parri/Documents/NetBeansProjects/TrabajoIT/web/jsp/inicio/features.jsp</file>
            <file>file:/C:/Users/Parri/Documents/NetBeansProjects/TrabajoIT/web/jsp/profile.jsp</file>
            <file>file:/C:/Users/Parri/Documents/NetBeansProjects/TrabajoIT/web/jsp/ranking.jsp</file>
            <file>file:/C:/Users/Parri/Documents/NetBeansProjects/TrabajoIT/web/jsp/createGroup.jsp</file>
            <file>file:/C:/Users/Parri/Documents/NetBeansProjects/TrabajoIT/src/java/public.xml</file>
            <file>file:/C:/Users/Parri/Documents/NetBeansProjects/TrabajoIT/src/java/com/estudyplus/controlador/action/DashboardAction.java</file>
            <file>file:/C:/Users/Parri/Documents/NetBeansProjects/TrabajoIT/web/jsp/createExam.jsp</file>
            <file>file:/C:/Users/Parri/Documents/NetBeansProjects/TrabajoIT/src/java/com/estudyplus/modelo/rest/SesionEstudioClient.java</file>
            <file>file:/C:/Users/Parri/Documents/NetBeansProjects/TrabajoIT/web/jsp/common/feature_not_implemented.jsp</file>
            <file>file:/C:/Users/Parri/Documents/NetBeansProjects/TrabajoIT/src/java/com/estudyplus/controlador/action/messages/FriendsAndMessagesAction.java</file>
            <file>file:/C:/Users/Parri/Documents/NetBeansProjects/TrabajoIT/web/jsp/inicio/contact.jsp</file>
            <file>file:/C:/Users/Parri/Documents/NetBeansProjects/TrabajoIT/web/jsp/inicio/register.jsp</file>
            <file>file:/C:/Users/Parri/Documents/NetBeansProjects/TrabajoIT/src/java/com/estudyplus/controlador/action/SumarPuntosAction.java</file>
            <file>file:/C:/Users/Parri/Documents/NetBeansProjects/TrabajoIT/src/java/com/estudyplus/modelo/dto/FriendRequestPayload.java</file>
            <file>file:/C:/Users/Parri/Documents/NetBeansProjects/TrabajoIT/src/java/com/estudyplus/modelo/entitys/Examen.java</file>
            <file>file:/C:/Users/Parri/Documents/NetBeansProjects/TrabajoIT/src/java/com/estudyplus/modelo/rest/facade/EstudyRestFacade.java</file>
            <file>file:/C:/Users/Parri/Documents/NetBeansProjects/TrabajoIT/web/jsp/common/404.jsp</file>
            <file>file:/C:/Users/Parri/Documents/NetBeansProjects/TrabajoIT/web/jsp/inicio/welcome.jsp</file>
            <file>file:/C:/Users/Parri/Documents/NetBeansProjects/TrabajoIT/web/jsp/exam_success.jsp</file>
            <file>file:/C:/Users/Parri/Documents/NetBeansProjects/TrabajoIT/web/jsp/activeStudySession.jsp</file>
            <file>file:/C:/Users/Parri/Documents/NetBeansProjects/TrabajoIT/src/java/com/estudyplus/modelo/entitys/Usuario.java</file>
            <file>file:/C:/Users/Parri/Documents/NetBeansProjects/TrabajoIT/src/java/com/estudyplus/controlador/services/FriendshipService.java</file>
            <file>file:/C:/Users/Parri/Documents/NetBeansProjects/TrabajoIT/src/java/com/estudyplus/controlador/action/CreateDeliveryAction.java</file>
            <file>file:/C:/Users/Parri/Documents/NetBeansProjects/TrabajoIT/src/java/com/estudyplus/controlador/action/SesionEstudioAction.java</file>
            <file>file:/C:/Users/Parri/Documents/NetBeansProjects/TrabajoIT/src/java/com/estudyplus/controlador/action/RegisterAction.java</file>
            <file>file:/C:/Users/Parri/Documents/NetBeansProjects/TrabajoIT/src/java/com/estudyplus/controlador/services/GamificationService.java</file>
            <file>file:/C:/Users/Parri/Documents/NetBeansProjects/TrabajoIT/web/jsp/manageStudySessions.jsp</file>
            <file>file:/C:/Users/Parri/Documents/NetBeansProjects/TrabajoIT/src/java/com/estudyplus/modelo/entitys/SesionEstudio.java</file>
            <file>file:/C:/Users/Parri/Documents/NetBeansProjects/TrabajoIT/web/jsp/createDelivery.jsp</file>
            <file>file:/C:/Users/Parri/Documents/NetBeansProjects/TrabajoIT/web/jsp/common/navbar.jsp</file>
            <file>file:/C:/Users/Parri/Documents/NetBeansProjects/TrabajoIT/src/java/tasks.xml</file>
            <file>file:/C:/Users/Parri/Documents/NetBeansProjects/TrabajoIT/src/java/struts.xml</file>
            <file>file:/C:/Users/Parri/Documents/NetBeansProjects/TrabajoIT/src/java/com/estudyplus/controlador/services/StudySessionService.java</file>
            <file>file:/C:/Users/Parri/Documents/NetBeansProjects/TrabajoIT/web/jsp/inicio/about.jsp</file>
            <file>file:/C:/Users/Parri/Documents/NetBeansProjects/TrabajoIT/src/java/com/estudyplus/modelo/rest/EntregaClient.java</file>
            <file>file:/C:/Users/Parri/Documents/NetBeansProjects/TrabajoIT/src/java/private.xml</file>
            <file>file:/C:/Users/Parri/Documents/NetBeansProjects/TrabajoIT/web/jsp/manageDeliverables.jsp</file>
        </group>
    </open-files>
</project-private>
