<!DOCTYPE struts PUBLIC
"-//Apache Software Foundation//DTD Struts Configuration 2.0//EN"
"http://struts.apache.org/dtds/struts-2.0.dtd">

<!-- Author: Pablo.E -->
 
<struts>
    <package name="gamificacion" namespace="/" extends="struts-default,json-default">
        <action name="SumarPuntos" class="com.estudyplus.controlador.action.SumarPuntosAction">
            <result type="json">
                <param name="root">jsonResponse</param>
            </result>
        </action>
    </package>
</struts>
