<!DOCTYPE struts PUBLIC
"-//Apache Software Foundation//DTD Struts Configuration 2.0//EN"
"http://struts.apache.org/dtds/struts-2.0.dtd">

<struts>
    <include file="example.xml"/>
    <include file="public.xml"/>
    <include file="private.xml"/>
    <include file="tasks.xml"/>
    <include file="session.xml"/>
    <include file="group.xml"/>
    <include file="gamificacion.xml"/>
    <!-- Configuration for the default package. -->
    <package name="default" extends="struts-default">
        <default-action-ref name="notFoundAction"/>

        <action name="notFoundAction" class="com.estudyplus.controlador.action.ErrorAction" method="notFound">
            <result name="success">/jsp/common/404.jsp</result>
        </action>
    </package>
</struts>
